{
  "duration": 853,
  "points": [
    {
      "lat": 12.78963,
      "lng": 80.22157
    },
    {
      "lat": 12.78972,
      "lng": 80.22139
    },
    {
      "lat": 12.79002,
      "lng": 80.22092
    },
    {
      "lat": 12.79186,
      "lng": 80.21786
    },
    {
      "lat": 12.7921,
      "lng": 80.21739
    },
    {
      "lat": 12.7922,
      "lng": 80.21713
    },
    {
      "lat": 12.79232,
      "lng": 80.21683
    },
    {
      "lat": 12.79267,
      "lng": 80.21537
    },
    {
      "lat": 12.79302,
      "lng": 80.21383
    },
    {
      "lat": 12.79352,
      "lng": 80.21173
    },
    {
      "lat": 12.79384,
      "lng": 80.21044
    },
    {
      "lat": 12.79403,
      "lng": 80.20994
    },
    {
      "lat": 12.79478,
      "lng": 80.20821
    },
    {
      "lat": 12.7958,
      "lng": 80.20588
    },
    {
      "lat": 12.79591,
      "lng": 80.20562
    },
    {
      "lat": 12.79632,
      "lng": 80.20471
    },
    {
      "lat": 12.79733,
      "lng": 80.20235
    },
    {
      "lat": 12.7981,
      "lng": 80.20052
    },
    {
      "lat": 12.79854,
      "lng": 80.19953
    },
    {
      "lat": 12.79885,
      "lng": 80.19899
    },
    {
      "lat": 12.79928,
      "lng": 80.19834
    },
    {
      "lat": 12.8002,
      "lng": 80.19706
    },
    {
      "lat": 12.80137,
      "lng": 80.19538
    },
    {
      "lat": 12.80304,
      "lng": 80.193
    },
    {
      "lat": 12.80417,
      "lng": 80.19142
    },
    {
      "lat": 12.80434,
      "lng": 80.1912
    },
    {
      "lat": 12.8048,
      "lng": 80.19068
    },
    {
      "lat": 12.80611,
      "lng": 80.18928
    },
    {
      "lat": 12.8069,
      "lng": 80.18835
    },
    {
      "lat": 12.80796,
      "lng": 80.18706
    },
    {
      "lat": 12.81038,
      "lng": 80.18425
    },
    {
      "lat": 12.8114,
      "lng": 80.18306
    },
    {
      "lat": 12.81272,
      "lng": 80.18151
    },
    {
      "lat": 12.81346,
      "lng": 80.18064
    },
    {
      "lat": 12.81413,
      "lng": 80.1799
    },
    {
      "lat": 12.81555,
      "lng": 80.17832
    },
    {
      "lat": 12.82023,
      "lng": 80.17315
    },
    {
      "lat": 12.82464,
      "lng": 80.16827
    },
    {
      "lat": 12.82605,
      "lng": 80.16672
    },
    {
      "lat": 12.82627,
      "lng": 80.1665
    },
    {
      "lat": 12.82759,
      "lng": 80.16504
    },
    {
      "lat": 12.82841,
      "lng": 80.16413
    },
    {
      "lat": 12.82857,
      "lng": 80.16392
    },
    {
      "lat": 12.82889,
      "lng": 80.16358
    },
    {
      "lat": 12.82944,
      "lng": 80.16297
    },
    {
      "lat": 12.82997,
      "lng": 80.16239
    },
    {
      "lat": 12.83137,
      "lng": 80.16083
    },
    {
      "lat": 12.83326,
      "lng": 80.15872
    },
    {
      "lat": 12.8359,
      "lng": 80.1558
    },
    {
      "lat": 12.83622,
      "lng": 80.15549
    },
    {
      "lat": 12.83633,
      "lng": 80.15542
    },
    {
      "lat": 12.83662,
      "lng": 80.1553
    },
    {
      "lat": 12.83748,
      "lng": 80.15518
    },
    {
      "lat": 12.83779,
      "lng": 80.15503
    },
    {
      "lat": 12.83805,
      "lng": 80.15485
    },
    {
      "lat": 12.83833,
      "lng": 80.15461
    },
    {
      "lat": 12.83903,
      "lng": 80.15394
    },
    {
      "lat": 12.84031,
      "lng": 80.15272
    },
    {
      "lat": 12.84058,
      "lng": 80.15299
    },
    {
      "lat": 12.8406,
      "lng": 80.15312
    },
    {
      "lat": 12.84067,
      "lng": 80.1532
    }
  ]
}