{
  "duration": 852,
  "points": [
    {
      "lat": 12.94419,
      "lng": 80.20795
    },
    {
      "lat": 12.94421,
      "lng": 80.20778
    },
    {
      "lat": 12.9442,
      "lng": 80.20777
    },
    {
      "lat": 12.94399,
      "lng": 80.20772
    },
    {
      "lat": 12.94381,
      "lng": 80.20767
    },
    {
      "lat": 12.94367,
      "lng": 80.20766
    },
    {
      "lat": 12.9436,
      "lng": 80.20763
    },
    {
      "lat": 12.94351,
      "lng": 80.20794
    },
    {
      "lat": 12.94359,
      "lng": 80.20799
    },
    {
      "lat": 12.94397,
      "lng": 80.20816
    },
    {
      "lat": 12.94393,
      "lng": 80.20826
    },
    {
      "lat": 12.94382,
      "lng": 80.20822
    },
    {
      "lat": 12.94326,
      "lng": 80.20797
    },
    {
      "lat": 12.94311,
      "lng": 80.20781
    },
    {
      "lat": 12.94296,
      "lng": 80.20765
    },
    {
      "lat": 12.94273,
      "lng": 80.20734
    },
    {
      "lat": 12.94256,
      "lng": 80.20713
    },
    {
      "lat": 12.94221,
      "lng": 80.20681
    },
    {
      "lat": 12.94178,
      "lng": 80.20646
    },
    {
      "lat": 12.94157,
      "lng": 80.20631
    },
    {
      "lat": 12.94135,
      "lng": 80.20618
    },
    {
      "lat": 12.94094,
      "lng": 80.20597
    },
    {
      "lat": 12.94067,
      "lng": 80.20587
    },
    {
      "lat": 12.93864,
      "lng": 80.20525
    },
    {
      "lat": 12.93774,
      "lng": 80.205
    },
    {
      "lat": 12.93595,
      "lng": 80.20448
    },
    {
      "lat": 12.93547,
      "lng": 80.2043
    },
    {
      "lat": 12.93521,
      "lng": 80.20417
    },
    {
      "lat": 12.93494,
      "lng": 80.20406
    },
    {
      "lat": 12.93434,
      "lng": 80.20399
    },
    {
      "lat": 12.93378,
      "lng": 80.20395
    },
    {
      "lat": 12.93339,
      "lng": 80.20387
    },
    {
      "lat": 12.93296,
      "lng": 80.20371
    },
    {
      "lat": 12.93155,
      "lng": 80.20321
    },
    {
      "lat": 12.93082,
      "lng": 80.20298
    },
    {
      "lat": 12.93062,
      "lng": 80.20293
    },
    {
      "lat": 12.92994,
      "lng": 80.20283
    },
    {
      "lat": 12.92888,
      "lng": 80.20268
    },
    {
      "lat": 12.9287,
      "lng": 80.20264
    },
    {
      "lat": 12.92864,
      "lng": 80.20261
    },
    {
      "lat": 12.92855,
      "lng": 80.2025
    },
    {
      "lat": 12.92852,
      "lng": 80.20233
    },
    {
      "lat": 12.9285,
      "lng": 80.20215
    },
    {
      "lat": 12.92846,
      "lng": 80.20175
    },
    {
      "lat": 12.92842,
      "lng": 80.20038
    },
    {
      "lat": 12.92839,
      "lng": 80.20003
    },
    {
      "lat": 12.92834,
      "lng": 80.19978
    },
    {
      "lat": 12.92819,
      "lng": 80.19933
    },
    {
      "lat": 12.92799,
      "lng": 80.19892
    },
    {
      "lat": 12.92772,
      "lng": 80.19846
    },
    {
      "lat": 12.92757,
      "lng": 80.19826
    },
    {
      "lat": 12.9274,
      "lng": 80.19812
    },
    {
      "lat": 12.92703,
      "lng": 80.19788
    },
    {
      "lat": 12.92662,
      "lng": 80.1977
    },
    {
      "lat": 12.92646,
      "lng": 80.19765
    },
    {
      "lat": 12.92615,
      "lng": 80.19758
    },
    {
      "lat": 12.92574,
      "lng": 80.19755
    },
    {
      "lat": 12.9247,
      "lng": 80.19754
    },
    {
      "lat": 12.92385,
      "lng": 80.19753
    },
    {
      "lat": 12.92331,
      "lng": 80.19751
    },
    {
      "lat": 12.92229,
      "lng": 80.19734
    },
    {
      "lat": 12.92198,
      "lng": 80.19729
    },
    {
      "lat": 12.92125,
      "lng": 80.19705
    },
    {
      "lat": 12.92064,
      "lng": 80.19681
    },
    {
      "lat": 12.9202,
      "lng": 80.19666
    },
    {
      "lat": 12.91968,
      "lng": 80.19644
    },
    {
      "lat": 12.91937,
      "lng": 80.19628
    },
    {
      "lat": 12.91905,
      "lng": 80.19606
    },
    {
      "lat": 12.91796,
      "lng": 80.19508
    },
    {
      "lat": 12.91728,
      "lng": 80.19448
    },
    {
      "lat": 12.91715,
      "lng": 80.19434
    },
    {
      "lat": 12.9171,
      "lng": 80.19424
    },
    {
      "lat": 12.91704,
      "lng": 80.19406
    },
    {
      "lat": 12.91701,
      "lng": 80.19383
    },
    {
      "lat": 12.91712,
      "lng": 80.19276
    },
    {
      "lat": 12.9172,
      "lng": 80.19191
    },
    {
      "lat": 12.91738,
      "lng": 80.1903
    },
    {
      "lat": 12.9175,
      "lng": 80.18978
    },
    {
      "lat": 12.91761,
      "lng": 80.18947
    },
    {
      "lat": 12.91779,
      "lng": 80.18915
    },
    {
      "lat": 12.91795,
      "lng": 80.18887
    },
    {
      "lat": 12.91839,
      "lng": 80.1883
    },
    {
      "lat": 12.91908,
      "lng": 80.18748
    },
    {
      "lat": 12.9191,
      "lng": 80.18745
    },
    {
      "lat": 12.91924,
      "lng": 80.18757
    },
    {
      "lat": 12.91928,
      "lng": 80.1876
    },
    {
      "lat": 12.91926,
      "lng": 80.18762
    },
    {
      "lat": 12.9189,
      "lng": 80.18805
    },
    {
      "lat": 12.91857,
      "lng": 80.18845
    },
    {
      "lat": 12.91824,
      "lng": 80.18887
    },
    {
      "lat": 12.91791,
      "lng": 80.18933
    },
    {
      "lat": 12.91773,
      "lng": 80.18972
    },
    {
      "lat": 12.91762,
      "lng": 80.19011
    },
    {
      "lat": 12.91757,
      "lng": 80.19035
    },
    {
      "lat": 12.91747,
      "lng": 80.19133
    },
    {
      "lat": 12.91738,
      "lng": 80.19218
    },
    {
      "lat": 12.91727,
      "lng": 80.19321
    },
    {
      "lat": 12.91725,
      "lng": 80.19349
    }
  ]
}