{
  "duration": 446,
  "points": [
    {
      "lat": 12.97546,
      "lng": 80.22071
    },
    {
      "lat": 12.97577,
      "lng": 80.22092
    },
    {
      "lat": 12.97594,
      "lng": 80.22111
    },
    {
      "lat": 12.97609,
      "lng": 80.22131
    },
    {
      "lat": 12.97594,
      "lng": 80.22139
    },
    {
      "lat": 12.97583,
      "lng": 80.22123
    },
    {
      "lat": 12.97564,
      "lng": 80.22101
    },
    {
      "lat": 12.97554,
      "lng": 80.22092
    },
    {
      "lat": 12.97531,
      "lng": 80.2208
    },
    {
      "lat": 12.97484,
      "lng": 80.22062
    },
    {
      "lat": 12.97387,
      "lng": 80.22018
    },
    {
      "lat": 12.97311,
      "lng": 80.21989
    },
    {
      "lat": 12.97226,
      "lng": 80.21957
    },
    {
      "lat": 12.97209,
      "lng": 80.21947
    },
    {
      "lat": 12.97201,
      "lng": 80.21939
    },
    {
      "lat": 12.97167,
      "lng": 80.21929
    },
    {
      "lat": 12.97072,
      "lng": 80.21892
    },
    {
      "lat": 12.96806,
      "lng": 80.21787
    },
    {
      "lat": 12.96723,
      "lng": 80.21753
    },
    {
      "lat": 12.96561,
      "lng": 80.21689
    },
    {
      "lat": 12.96413,
      "lng": 80.21631
    },
    {
      "lat": 12.96351,
      "lng": 80.21604
    },
    {
      "lat": 12.96036,
      "lng": 80.21477
    },
    {
      "lat": 12.95939,
      "lng": 80.21438
    },
    {
      "lat": 12.95692,
      "lng": 80.2134
    },
    {
      "lat": 12.95614,
      "lng": 80.2131
    },
    {
      "lat": 12.95422,
      "lng": 80.21234
    },
    {
      "lat": 12.95235,
      "lng": 80.21161
    },
    {
      "lat": 12.95094,
      "lng": 80.21102
    },
    {
      "lat": 12.94866,
      "lng": 80.21012
    },
    {
      "lat": 12.9467,
      "lng": 80.20935
    },
    {
      "lat": 12.94445,
      "lng": 80.20845
    },
    {
      "lat": 12.94413,
      "lng": 80.20834
    },
    {
      "lat": 12.94393,
      "lng": 80.20826
    },
    {
      "lat": 12.94397,
      "lng": 80.20816
    },
    {
      "lat": 12.94413,
      "lng": 80.20822
    },
    {
      "lat": 12.94417,
      "lng": 80.20805
    },
    {
      "lat": 12.94419,
      "lng": 80.20795
    }
  ]
}