{
  "duration": 874,
  "points": [
    {
      "lat": 12.84594,
      "lng": 80.22654
    },
    {
      "lat": 12.8469,
      "lng": 80.22652
    },
    {
      "lat": 12.84782,
      "lng": 80.22653
    },
    {
      "lat": 12.84913,
      "lng": 80.22652
    },
    {
      "lat": 12.84967,
      "lng": 80.22652
    },
    {
      "lat": 12.8498,
      "lng": 80.22652
    },
    {
      "lat": 12.84982,
      "lng": 80.22655
    },
    {
      "lat": 12.84983,
      "lng": 80.2266
    },
    {
      "lat": 12.84981,
      "lng": 80.22663
    },
    {
      "lat": 12.84762,
      "lng": 80.22664
    },
    {
      "lat": 12.84576,
      "lng": 80.22664
    },
    {
      "lat": 12.84504,
      "lng": 80.22667
    },
    {
      "lat": 12.84468,
      "lng": 80.2267
    },
    {
      "lat": 12.84346,
      "lng": 80.22685
    },
    {
      "lat": 12.84294,
      "lng": 80.22694
    },
    {
      "lat": 12.84193,
      "lng": 80.22716
    },
    {
      "lat": 12.8392,
      "lng": 80.2279
    },
    {
      "lat": 12.83851,
      "lng": 80.22808
    },
    {
      "lat": 12.83796,
      "lng": 80.2282
    },
    {
      "lat": 12.83648,
      "lng": 80.22845
    },
    {
      "lat": 12.83571,
      "lng": 80.22857
    },
    {
      "lat": 12.83503,
      "lng": 80.22866
    },
    {
      "lat": 12.83393,
      "lng": 80.22885
    },
    {
      "lat": 12.83321,
      "lng": 80.22898
    },
    {
      "lat": 12.8318,
      "lng": 80.22927
    },
    {
      "lat": 12.83123,
      "lng": 80.22944
    },
    {
      "lat": 12.83065,
      "lng": 80.22965
    },
    {
      "lat": 12.82938,
      "lng": 80.23013
    },
    {
      "lat": 12.82875,
      "lng": 80.23042
    },
    {
      "lat": 12.8281,
      "lng": 80.23077
    },
    {
      "lat": 12.82746,
      "lng": 80.23111
    },
    {
      "lat": 12.82721,
      "lng": 80.23122
    },
    {
      "lat": 12.8269,
      "lng": 80.2313
    },
    {
      "lat": 12.82621,
      "lng": 80.23139
    },
    {
      "lat": 12.82577,
      "lng": 80.23146
    },
    {
      "lat": 12.82549,
      "lng": 80.23147
    },
    {
      "lat": 12.82515,
      "lng": 80.23147
    },
    {
      "lat": 12.8248,
      "lng": 80.23142
    },
    {
      "lat": 12.82359,
      "lng": 80.23112
    },
    {
      "lat": 12.82288,
      "lng": 80.2309
    },
    {
      "lat": 12.82239,
      "lng": 80.23073
    },
    {
      "lat": 12.82193,
      "lng": 80.23062
    },
    {
      "lat": 12.82132,
      "lng": 80.23055
    },
    {
      "lat": 12.82075,
      "lng": 80.2305
    },
    {
      "lat": 12.82008,
      "lng": 80.23053
    },
    {
      "lat": 12.81908,
      "lng": 80.23052
    },
    {
      "lat": 12.81888,
      "lng": 80.23048
    },
    {
      "lat": 12.81748,
      "lng": 80.22984
    },
    {
      "lat": 12.817,
      "lng": 80.22965
    },
    {
      "lat": 12.81665,
      "lng": 80.22957
    },
    {
      "lat": 12.81478,
      "lng": 80.2293
    },
    {
      "lat": 12.81437,
      "lng": 80.22922
    },
    {
      "lat": 12.81394,
      "lng": 80.22911
    },
    {
      "lat": 12.8126,
      "lng": 80.22868
    },
    {
      "lat": 12.8113,
      "lng": 80.22821
    },
    {
      "lat": 12.81103,
      "lng": 80.2281
    },
    {
      "lat": 12.81062,
      "lng": 80.22789
    },
    {
      "lat": 12.80988,
      "lng": 80.2275
    },
    {
      "lat": 12.80874,
      "lng": 80.22692
    },
    {
      "lat": 12.8083,
      "lng": 80.22673
    },
    {
      "lat": 12.80827,
      "lng": 80.22674
    },
    {
      "lat": 12.80822,
      "lng": 80.22674
    },
    {
      "lat": 12.80812,
      "lng": 80.22669
    },
    {
      "lat": 12.80807,
      "lng": 80.2266
    },
    {
      "lat": 12.80808,
      "lng": 80.22649
    },
    {
      "lat": 12.8081,
      "lng": 80.22645
    },
    {
      "lat": 12.80812,
      "lng": 80.22643
    },
    {
      "lat": 12.80802,
      "lng": 80.22628
    },
    {
      "lat": 12.8078,
      "lng": 80.22607
    },
    {
      "lat": 12.80753,
      "lng": 80.22584
    },
    {
      "lat": 12.80692,
      "lng": 80.2253
    },
    {
      "lat": 12.80595,
      "lng": 80.22443
    },
    {
      "lat": 12.80562,
      "lng": 80.2242
    },
    {
      "lat": 12.80548,
      "lng": 80.22414
    },
    {
      "lat": 12.80503,
      "lng": 80.224
    },
    {
      "lat": 12.80472,
      "lng": 80.22394
    },
    {
      "lat": 12.80448,
      "lng": 80.22393
    },
    {
      "lat": 12.80395,
      "lng": 80.22388
    },
    {
      "lat": 12.80335,
      "lng": 80.22383
    },
    {
      "lat": 12.80281,
      "lng": 80.22376
    },
    {
      "lat": 12.8024,
      "lng": 80.2237
    },
    {
      "lat": 12.80146,
      "lng": 80.22361
    },
    {
      "lat": 12.80019,
      "lng": 80.22349
    },
    {
      "lat": 12.79993,
      "lng": 80.22347
    },
    {
      "lat": 12.79931,
      "lng": 80.22345
    },
    {
      "lat": 12.79895,
      "lng": 80.22344
    },
    {
      "lat": 12.79839,
      "lng": 80.22337
    },
    {
      "lat": 12.79726,
      "lng": 80.22323
    },
    {
      "lat": 12.7963,
      "lng": 80.22302
    },
    {
      "lat": 12.79482,
      "lng": 80.22276
    },
    {
      "lat": 12.79405,
      "lng": 80.22265
    },
    {
      "lat": 12.79314,
      "lng": 80.22252
    },
    {
      "lat": 12.79245,
      "lng": 80.2224
    },
    {
      "lat": 12.79142,
      "lng": 80.22216
    },
    {
      "lat": 12.78997,
      "lng": 80.22174
    },
    {
      "lat": 12.78968,
      "lng": 80.22171
    },
    {
      "lat": 12.78958,
      "lng": 80.22167
    },
    {
      "lat": 12.78962,
      "lng": 80.2216
    }
  ]
}