{
  "duration": 904,
  "points": [
    {
      "lat": 13.04176,
      "lng": 80.2341
    },
    {
      "lat": 13.04129,
      "lng": 80.23401
    },
    {
      "lat": 13.04123,
      "lng": 80.23404
    },
    {
      "lat": 13.04115,
      "lng": 80.23437
    },
    {
      "lat": 13.04091,
      "lng": 80.23614
    },
    {
      "lat": 13.04058,
      "lng": 80.23892
    },
    {
      "lat": 13.04047,
      "lng": 80.23957
    },
    {
      "lat": 13.04041,
      "lng": 80.23997
    },
    {
      "lat": 13.03991,
      "lng": 80.23991
    },
    {
      "lat": 13.03871,
      "lng": 80.23975
    },
    {
      "lat": 13.03721,
      "lng": 80.23956
    },
    {
      "lat": 13.03547,
      "lng": 80.23934
    },
    {
      "lat": 13.03537,
      "lng": 80.23933
    },
    {
      "lat": 13.03537,
      "lng": 80.2393
    },
    {
      "lat": 13.03535,
      "lng": 80.23923
    },
    {
      "lat": 13.03505,
      "lng": 80.23865
    },
    {
      "lat": 13.03475,
      "lng": 80.23822
    },
    {
      "lat": 13.03441,
      "lng": 80.23768
    },
    {
      "lat": 13.03432,
      "lng": 80.23748
    },
    {
      "lat": 13.03419,
      "lng": 80.23724
    },
    {
      "lat": 13.03414,
      "lng": 80.23709
    },
    {
      "lat": 13.03413,
      "lng": 80.23697
    },
    {
      "lat": 13.03384,
      "lng": 80.23698
    },
    {
      "lat": 13.03372,
      "lng": 80.23701
    },
    {
      "lat": 13.03363,
      "lng": 80.23702
    },
    {
      "lat": 13.03246,
      "lng": 80.23706
    },
    {
      "lat": 13.03176,
      "lng": 80.2371
    },
    {
      "lat": 13.03163,
      "lng": 80.23712
    },
    {
      "lat": 13.03142,
      "lng": 80.23715
    },
    {
      "lat": 13.03142,
      "lng": 80.23717
    },
    {
      "lat": 13.03142,
      "lng": 80.23719
    },
    {
      "lat": 13.03142,
      "lng": 80.2372
    },
    {
      "lat": 13.03141,
      "lng": 80.23722
    },
    {
      "lat": 13.0314,
      "lng": 80.23724
    },
    {
      "lat": 13.03136,
      "lng": 80.23727
    },
    {
      "lat": 13.03132,
      "lng": 80.23729
    },
    {
      "lat": 13.03124,
      "lng": 80.23726
    },
    {
      "lat": 13.0312,
      "lng": 80.23718
    },
    {
      "lat": 13.03122,
      "lng": 80.2371
    },
    {
      "lat": 13.0313,
      "lng": 80.23706
    },
    {
      "lat": 13.03131,
      "lng": 80.23706
    },
    {
      "lat": 13.03129,
      "lng": 80.23699
    },
    {
      "lat": 13.03126,
      "lng": 80.23692
    },
    {
      "lat": 13.03115,
      "lng": 80.23679
    },
    {
      "lat": 13.03104,
      "lng": 80.23666
    },
    {
      "lat": 13.03018,
      "lng": 80.23577
    },
    {
      "lat": 13.02893,
      "lng": 80.23448
    },
    {
      "lat": 13.02851,
      "lng": 80.23378
    },
    {
      "lat": 13.02835,
      "lng": 80.23332
    },
    {
      "lat": 13.02833,
      "lng": 80.23324
    },
    {
      "lat": 13.02829,
      "lng": 80.23281
    },
    {
      "lat": 13.02794,
      "lng": 80.23285
    },
    {
      "lat": 13.02706,
      "lng": 80.233
    },
    {
      "lat": 13.02665,
      "lng": 80.23305
    },
    {
      "lat": 13.02655,
      "lng": 80.23306
    },
    {
      "lat": 13.02644,
      "lng": 80.23283
    },
    {
      "lat": 13.0263,
      "lng": 80.23251
    },
    {
      "lat": 13.02618,
      "lng": 80.23214
    },
    {
      "lat": 13.02587,
      "lng": 80.23105
    },
    {
      "lat": 13.02565,
      "lng": 80.23054
    },
    {
      "lat": 13.02527,
      "lng": 80.22993
    },
    {
      "lat": 13.02499,
      "lng": 80.22959
    },
    {
      "lat": 13.0243,
      "lng": 80.2287
    },
    {
      "lat": 13.02351,
      "lng": 80.22772
    },
    {
      "lat": 13.02338,
      "lng": 80.22758
    },
    {
      "lat": 13.02276,
      "lng": 80.22703
    },
    {
      "lat": 13.02196,
      "lng": 80.22633
    },
    {
      "lat": 13.02121,
      "lng": 80.2258
    },
    {
      "lat": 13.02038,
      "lng": 80.22515
    },
    {
      "lat": 13.01967,
      "lng": 80.22467
    },
    {
      "lat": 13.01951,
      "lng": 80.2246
    },
    {
      "lat": 13.01927,
      "lng": 80.22454
    },
    {
      "lat": 13.01911,
      "lng": 80.22452
    },
    {
      "lat": 13.01892,
      "lng": 80.22454
    },
    {
      "lat": 13.01874,
      "lng": 80.22458
    },
    {
      "lat": 13.01726,
      "lng": 80.22518
    },
    {
      "lat": 13.01641,
      "lng": 80.22551
    },
    {
      "lat": 13.01608,
      "lng": 80.2256
    },
    {
      "lat": 13.0161,
      "lng": 80.22542
    },
    {
      "lat": 13.0162,
      "lng": 80.22543
    },
    {
      "lat": 13.0164,
      "lng": 80.22537
    },
    {
      "lat": 13.01685,
      "lng": 80.22521
    },
    {
      "lat": 13.01801,
      "lng": 80.22475
    },
    {
      "lat": 13.01892,
      "lng": 80.22439
    },
    {
      "lat": 13.01913,
      "lng": 80.22438
    },
    {
      "lat": 13.01933,
      "lng": 80.22441
    },
    {
      "lat": 13.01967,
      "lng": 80.22455
    },
    {
      "lat": 13.01991,
      "lng": 80.22468
    },
    {
      "lat": 13.02003,
      "lng": 80.22459
    },
    {
      "lat": 13.02008,
      "lng": 80.22457
    },
    {
      "lat": 13.02062,
      "lng": 80.22449
    },
    {
      "lat": 13.02105,
      "lng": 80.22442
    },
    {
      "lat": 13.02192,
      "lng": 80.22431
    },
    {
      "lat": 13.02166,
      "lng": 80.22388
    },
    {
      "lat": 13.02126,
      "lng": 80.22312
    }
  ]
}