{
  "duration": 1120,
  "points": [
    {
      "lat": 12.91725,
      "lng": 80.19349
    },
    {
      "lat": 12.91727,
      "lng": 80.19392
    },
    {
      "lat": 12.91731,
      "lng": 80.1941
    },
    {
      "lat": 12.91735,
      "lng": 80.19417
    },
    {
      "lat": 12.917,
      "lng": 80.19426
    },
    {
      "lat": 12.91566,
      "lng": 80.19455
    },
    {
      "lat": 12.91335,
      "lng": 80.19503
    },
    {
      "lat": 12.91276,
      "lng": 80.19517
    },
    {
      "lat": 12.91253,
      "lng": 80.19529
    },
    {
      "lat": 12.91241,
      "lng": 80.19538
    },
    {
      "lat": 12.911,
      "lng": 80.19636
    },
    {
      "lat": 12.91016,
      "lng": 80.19696
    },
    {
      "lat": 12.90948,
      "lng": 80.1974
    },
    {
      "lat": 12.90849,
      "lng": 80.1981
    },
    {
      "lat": 12.908,
      "lng": 80.19847
    },
    {
      "lat": 12.90792,
      "lng": 80.19856
    },
    {
      "lat": 12.9078,
      "lng": 80.19873
    },
    {
      "lat": 12.90777,
      "lng": 80.19885
    },
    {
      "lat": 12.90775,
      "lng": 80.19931
    },
    {
      "lat": 12.90773,
      "lng": 80.19984
    },
    {
      "lat": 12.90766,
      "lng": 80.20064
    },
    {
      "lat": 12.90765,
      "lng": 80.20096
    },
    {
      "lat": 12.90763,
      "lng": 80.20131
    },
    {
      "lat": 12.90755,
      "lng": 80.20266
    },
    {
      "lat": 12.90753,
      "lng": 80.20315
    },
    {
      "lat": 12.90749,
      "lng": 80.20348
    },
    {
      "lat": 12.90732,
      "lng": 80.20422
    },
    {
      "lat": 12.90725,
      "lng": 80.20437
    },
    {
      "lat": 12.90717,
      "lng": 80.20455
    },
    {
      "lat": 12.9068,
      "lng": 80.20504
    },
    {
      "lat": 12.9067,
      "lng": 80.20521
    },
    {
      "lat": 12.90661,
      "lng": 80.2054
    },
    {
      "lat": 12.90554,
      "lng": 80.2079
    },
    {
      "lat": 12.90547,
      "lng": 80.2081
    },
    {
      "lat": 12.90499,
      "lng": 80.20925
    },
    {
      "lat": 12.90477,
      "lng": 80.20981
    },
    {
      "lat": 12.90432,
      "lng": 80.21091
    },
    {
      "lat": 12.9038,
      "lng": 80.21223
    },
    {
      "lat": 12.9028,
      "lng": 80.21481
    },
    {
      "lat": 12.90235,
      "lng": 80.21608
    },
    {
      "lat": 12.90206,
      "lng": 80.21683
    },
    {
      "lat": 12.90192,
      "lng": 80.21733
    },
    {
      "lat": 12.90183,
      "lng": 80.21782
    },
    {
      "lat": 12.90176,
      "lng": 80.21833
    },
    {
      "lat": 12.90164,
      "lng": 80.21942
    },
    {
      "lat": 12.90148,
      "lng": 80.22047
    },
    {
      "lat": 12.9014,
      "lng": 80.22133
    },
    {
      "lat": 12.90133,
      "lng": 80.22185
    },
    {
      "lat": 12.90119,
      "lng": 80.223
    },
    {
      "lat": 12.9011,
      "lng": 80.22436
    },
    {
      "lat": 12.90104,
      "lng": 80.2263
    },
    {
      "lat": 12.9011,
      "lng": 80.22658
    },
    {
      "lat": 12.90112,
      "lng": 80.22694
    },
    {
      "lat": 12.90111,
      "lng": 80.22757
    },
    {
      "lat": 12.90111,
      "lng": 80.22776
    },
    {
      "lat": 12.90116,
      "lng": 80.2278
    },
    {
      "lat": 12.90159,
      "lng": 80.22784
    },
    {
      "lat": 12.90221,
      "lng": 80.22786
    },
    {
      "lat": 12.90238,
      "lng": 80.22787
    },
    {
      "lat": 12.90243,
      "lng": 80.22791
    },
    {
      "lat": 12.90246,
      "lng": 80.22796
    },
    {
      "lat": 12.90264,
      "lng": 80.22797
    },
    {
      "lat": 12.90465,
      "lng": 80.22807
    },
    {
      "lat": 12.9055,
      "lng": 80.22812
    },
    {
      "lat": 12.90627,
      "lng": 80.22816
    },
    {
      "lat": 12.90649,
      "lng": 80.22818
    },
    {
      "lat": 12.90649,
      "lng": 80.22833
    },
    {
      "lat": 12.90566,
      "lng": 80.22829
    },
    {
      "lat": 12.90537,
      "lng": 80.22825
    },
    {
      "lat": 12.90413,
      "lng": 80.22819
    },
    {
      "lat": 12.90105,
      "lng": 80.22802
    },
    {
      "lat": 12.90045,
      "lng": 80.22797
    },
    {
      "lat": 12.8986,
      "lng": 80.22787
    },
    {
      "lat": 12.89677,
      "lng": 80.22776
    },
    {
      "lat": 12.89669,
      "lng": 80.22773
    },
    {
      "lat": 12.89665,
      "lng": 80.22768
    },
    {
      "lat": 12.89665,
      "lng": 80.22764
    },
    {
      "lat": 12.89707,
      "lng": 80.22766
    },
    {
      "lat": 12.89866,
      "lng": 80.22774
    },
    {
      "lat": 12.90033,
      "lng": 80.22783
    },
    {
      "lat": 12.90099,
      "lng": 80.22788
    }
  ]
}