{
  "duration": 498,
  "points": [
    {
      "lat": 13.02126,
      "lng": 80.22312
    },
    {
      "lat": 13.02166,
      "lng": 80.22388
    },
    {
      "lat": 13.02192,
      "lng": 80.22431
    },
    {
      "lat": 13.02213,
      "lng": 80.22464
    },
    {
      "lat": 13.02231,
      "lng": 80.22498
    },
    {
      "lat": 13.02256,
      "lng": 80.22547
    },
    {
      "lat": 13.02304,
      "lng": 80.22642
    },
    {
      "lat": 13.02339,
      "lng": 80.22721
    },
    {
      "lat": 13.02352,
      "lng": 80.22744
    },
    {
      "lat": 13.02354,
      "lng": 80.22751
    },
    {
      "lat": 13.02355,
      "lng": 80.2276
    },
    {
      "lat": 13.0237,
      "lng": 80.22778
    },
    {
      "lat": 13.0239,
      "lng": 80.22802
    },
    {
      "lat": 13.0244,
      "lng": 80.22863
    },
    {
      "lat": 13.0243,
      "lng": 80.2287
    },
    {
      "lat": 13.02417,
      "lng": 80.22854
    },
    {
      "lat": 13.02352,
      "lng": 80.22774
    },
    {
      "lat": 13.02324,
      "lng": 80.22745
    },
    {
      "lat": 13.02196,
      "lng": 80.22633
    },
    {
      "lat": 13.02121,
      "lng": 80.2258
    },
    {
      "lat": 13.02075,
      "lng": 80.22544
    },
    {
      "lat": 13.01997,
      "lng": 80.22486
    },
    {
      "lat": 13.01978,
      "lng": 80.22473
    },
    {
      "lat": 13.01959,
      "lng": 80.22463
    },
    {
      "lat": 13.01936,
      "lng": 80.22456
    },
    {
      "lat": 13.01902,
      "lng": 80.22453
    },
    {
      "lat": 13.01882,
      "lng": 80.22456
    },
    {
      "lat": 13.01743,
      "lng": 80.22511
    },
    {
      "lat": 13.01671,
      "lng": 80.22539
    },
    {
      "lat": 13.01641,
      "lng": 80.22551
    },
    {
      "lat": 13.01608,
      "lng": 80.2256
    },
    {
      "lat": 13.01574,
      "lng": 80.2257
    },
    {
      "lat": 13.01506,
      "lng": 80.22602
    },
    {
      "lat": 13.01491,
      "lng": 80.22607
    },
    {
      "lat": 13.01435,
      "lng": 80.22626
    },
    {
      "lat": 13.0135,
      "lng": 80.22658
    },
    {
      "lat": 13.0121,
      "lng": 80.22715
    },
    {
      "lat": 13.01018,
      "lng": 80.2279
    },
    {
      "lat": 13.00986,
      "lng": 80.22796
    },
    {
      "lat": 13.00965,
      "lng": 80.22794
    },
    {
      "lat": 13.00956,
      "lng": 80.22786
    },
    {
      "lat": 13.00952,
      "lng": 80.22777
    },
    {
      "lat": 13.00957,
      "lng": 80.22763
    },
    {
      "lat": 13.01015,
      "lng": 80.22632
    },
    {
      "lat": 13.01019,
      "lng": 80.2262
    },
    {
      "lat": 13.0102,
      "lng": 80.22609
    },
    {
      "lat": 13.01072,
      "lng": 80.225
    },
    {
      "lat": 13.01107,
      "lng": 80.22415
    },
    {
      "lat": 13.0113,
      "lng": 80.22359
    },
    {
      "lat": 13.01141,
      "lng": 80.22331
    },
    {
      "lat": 13.01117,
      "lng": 80.22317
    },
    {
      "lat": 13.01095,
      "lng": 80.22305
    },
    {
      "lat": 13.00981,
      "lng": 80.22245
    },
    {
      "lat": 13.00779,
      "lng": 80.22137
    },
    {
      "lat": 13.00717,
      "lng": 80.22106
    },
    {
      "lat": 13.00691,
      "lng": 80.2209
    },
    {
      "lat": 13.00663,
      "lng": 80.22078
    },
    {
      "lat": 13.00669,
      "lng": 80.22065
    },
    {
      "lat": 13.00669,
      "lng": 80.22063
    }
  ]
}