{
  "duration": 518,
  "points": [
    {
      "lat": 13.00669,
      "lng": 80.22063
    },
    {
      "lat": 13.00669,
      "lng": 80.22067
    },
    {
      "lat": 13.00663,
      "lng": 80.22078
    },
    {
      "lat": 13.00627,
      "lng": 80.22071
    },
    {
      "lat": 13.00547,
      "lng": 80.22051
    },
    {
      "lat": 13.00468,
      "lng": 80.22031
    },
    {
      "lat": 13.004,
      "lng": 80.22015
    },
    {
      "lat": 13.00354,
      "lng": 80.22004
    },
    {
      "lat": 13.00316,
      "lng": 80.21993
    },
    {
      "lat": 13.00286,
      "lng": 80.21981
    },
    {
      "lat": 13.00265,
      "lng": 80.2197
    },
    {
      "lat": 13.00243,
      "lng": 80.21955
    },
    {
      "lat": 13.00207,
      "lng": 80.21914
    },
    {
      "lat": 13.00195,
      "lng": 80.21901
    },
    {
      "lat": 13.00158,
      "lng": 80.21864
    },
    {
      "lat": 13.00137,
      "lng": 80.21848
    },
    {
      "lat": 13.00125,
      "lng": 80.2184
    },
    {
      "lat": 13.00078,
      "lng": 80.2181
    },
    {
      "lat": 13.00032,
      "lng": 80.21782
    },
    {
      "lat": 12.99917,
      "lng": 80.21711
    },
    {
      "lat": 12.99856,
      "lng": 80.21681
    },
    {
      "lat": 12.99828,
      "lng": 80.2167
    },
    {
      "lat": 12.99806,
      "lng": 80.21664
    },
    {
      "lat": 12.99774,
      "lng": 80.21658
    },
    {
      "lat": 12.99747,
      "lng": 80.21656
    },
    {
      "lat": 12.99726,
      "lng": 80.21655
    },
    {
      "lat": 12.99659,
      "lng": 80.21659
    },
    {
      "lat": 12.9961,
      "lng": 80.21667
    },
    {
      "lat": 12.99567,
      "lng": 80.21678
    },
    {
      "lat": 12.9954,
      "lng": 80.21689
    },
    {
      "lat": 12.99511,
      "lng": 80.21706
    },
    {
      "lat": 12.99488,
      "lng": 80.21721
    },
    {
      "lat": 12.9929,
      "lng": 80.21865
    },
    {
      "lat": 12.99202,
      "lng": 80.21931
    },
    {
      "lat": 12.99157,
      "lng": 80.21962
    },
    {
      "lat": 12.99148,
      "lng": 80.21968
    },
    {
      "lat": 12.99143,
      "lng": 80.21962
    },
    {
      "lat": 12.99137,
      "lng": 80.21957
    },
    {
      "lat": 12.99128,
      "lng": 80.21954
    },
    {
      "lat": 12.9906,
      "lng": 80.21931
    },
    {
      "lat": 12.98954,
      "lng": 80.21894
    },
    {
      "lat": 12.98888,
      "lng": 80.21869
    },
    {
      "lat": 12.98856,
      "lng": 80.21859
    },
    {
      "lat": 12.98801,
      "lng": 80.21848
    },
    {
      "lat": 12.98713,
      "lng": 80.2183
    },
    {
      "lat": 12.98629,
      "lng": 80.21811
    },
    {
      "lat": 12.98586,
      "lng": 80.218
    },
    {
      "lat": 12.98559,
      "lng": 80.21796
    },
    {
      "lat": 12.98504,
      "lng": 80.21795
    },
    {
      "lat": 12.9824,
      "lng": 80.21797
    },
    {
      "lat": 12.98204,
      "lng": 80.21798
    },
    {
      "lat": 12.98168,
      "lng": 80.21802
    },
    {
      "lat": 12.98139,
      "lng": 80.21809
    },
    {
      "lat": 12.98097,
      "lng": 80.21824
    },
    {
      "lat": 12.98031,
      "lng": 80.21844
    },
    {
      "lat": 12.97985,
      "lng": 80.21864
    },
    {
      "lat": 12.97929,
      "lng": 80.21889
    },
    {
      "lat": 12.97871,
      "lng": 80.21912
    },
    {
      "lat": 12.9783,
      "lng": 80.21927
    },
    {
      "lat": 12.97811,
      "lng": 80.21935
    },
    {
      "lat": 12.9781,
      "lng": 80.21941
    },
    {
      "lat": 12.97805,
      "lng": 80.21945
    },
    {
      "lat": 12.97624,
      "lng": 80.22018
    },
    {
      "lat": 12.97575,
      "lng": 80.22042
    },
    {
      "lat": 12.97546,
      "lng": 80.22071
    }
  ]
}