{
  "duration": 1094,
  "points": [
    {
      "lat": 12.90103,
      "lng": 80.22788
    },
    {
      "lat": 12.90537,
      "lng": 80.22811
    },
    {
      "lat": 12.90627,
      "lng": 80.22816
    },
    {
      "lat": 12.90649,
      "lng": 80.22818
    },
    {
      "lat": 12.90649,
      "lng": 80.22833
    },
    {
      "lat": 12.90566,
      "lng": 80.22829
    },
    {
      "lat": 12.90537,
      "lng": 80.22825
    },
    {
      "lat": 12.9048,
      "lng": 80.22822
    },
    {
      "lat": 12.90285,
      "lng": 80.22811
    },
    {
      "lat": 12.90086,
      "lng": 80.22801
    },
    {
      "lat": 12.89959,
      "lng": 80.22792
    },
    {
      "lat": 12.89794,
      "lng": 80.22783
    },
    {
      "lat": 12.89639,
      "lng": 80.22774
    },
    {
      "lat": 12.89456,
      "lng": 80.22766
    },
    {
      "lat": 12.89303,
      "lng": 80.22753
    },
    {
      "lat": 12.89224,
      "lng": 80.22745
    },
    {
      "lat": 12.89177,
      "lng": 80.22743
    },
    {
      "lat": 12.89125,
      "lng": 80.22743
    },
    {
      "lat": 12.88961,
      "lng": 80.2274
    },
    {
      "lat": 12.88846,
      "lng": 80.22738
    },
    {
      "lat": 12.88759,
      "lng": 80.22729
    },
    {
      "lat": 12.88669,
      "lng": 80.22712
    },
    {
      "lat": 12.88582,
      "lng": 80.22689
    },
    {
      "lat": 12.88541,
      "lng": 80.2268
    },
    {
      "lat": 12.88506,
      "lng": 80.22675
    },
    {
      "lat": 12.88394,
      "lng": 80.22676
    },
    {
      "lat": 12.88012,
      "lng": 80.22679
    },
    {
      "lat": 12.87952,
      "lng": 80.2268
    },
    {
      "lat": 12.87862,
      "lng": 80.22685
    },
    {
      "lat": 12.87801,
      "lng": 80.22691
    },
    {
      "lat": 12.87738,
      "lng": 80.22694
    },
    {
      "lat": 12.87658,
      "lng": 80.227
    },
    {
      "lat": 12.87606,
      "lng": 80.22701
    },
    {
      "lat": 12.8756,
      "lng": 80.22699
    },
    {
      "lat": 12.87498,
      "lng": 80.22693
    },
    {
      "lat": 12.87421,
      "lng": 80.22683
    },
    {
      "lat": 12.87297,
      "lng": 80.22674
    },
    {
      "lat": 12.87138,
      "lng": 80.22671
    },
    {
      "lat": 12.87023,
      "lng": 80.22662
    },
    {
      "lat": 12.86878,
      "lng": 80.22645
    },
    {
      "lat": 12.86804,
      "lng": 80.22644
    },
    {
      "lat": 12.86652,
      "lng": 80.2266
    },
    {
      "lat": 12.86588,
      "lng": 80.22664
    },
    {
      "lat": 12.86534,
      "lng": 80.22664
    },
    {
      "lat": 12.86329,
      "lng": 80.22656
    },
    {
      "lat": 12.86241,
      "lng": 80.2266
    },
    {
      "lat": 12.8619,
      "lng": 80.22663
    },
    {
      "lat": 12.86108,
      "lng": 80.22662
    },
    {
      "lat": 12.8606,
      "lng": 80.22659
    },
    {
      "lat": 12.86026,
      "lng": 80.22654
    },
    {
      "lat": 12.85923,
      "lng": 80.22639
    },
    {
      "lat": 12.8587,
      "lng": 80.22632
    },
    {
      "lat": 12.85805,
      "lng": 80.22628
    },
    {
      "lat": 12.85732,
      "lng": 80.22631
    },
    {
      "lat": 12.85611,
      "lng": 80.22645
    },
    {
      "lat": 12.85428,
      "lng": 80.22663
    },
    {
      "lat": 12.85356,
      "lng": 80.22671
    },
    {
      "lat": 12.85315,
      "lng": 80.22673
    },
    {
      "lat": 12.85153,
      "lng": 80.22669
    },
    {
      "lat": 12.85063,
      "lng": 80.22664
    },
    {
      "lat": 12.84997,
      "lng": 80.22663
    },
    {
      "lat": 12.84645,
      "lng": 80.22664
    },
    {
      "lat": 12.84591,
      "lng": 80.22663
    },
    {
      "lat": 12.84527,
      "lng": 80.22665
    },
    {
      "lat": 12.84414,
      "lng": 80.22675
    },
    {
      "lat": 12.84333,
      "lng": 80.22687
    },
    {
      "lat": 12.84268,
      "lng": 80.227
    },
    {
      "lat": 12.84186,
      "lng": 80.22718
    },
    {
      "lat": 12.84004,
      "lng": 80.22768
    },
    {
      "lat": 12.83896,
      "lng": 80.22796
    },
    {
      "lat": 12.83894,
      "lng": 80.22777
    },
    {
      "lat": 12.83916,
      "lng": 80.22771
    },
    {
      "lat": 12.83918,
      "lng": 80.22779
    },
    {
      "lat": 12.83935,
      "lng": 80.22774
    },
    {
      "lat": 12.83965,
      "lng": 80.22765
    },
    {
      "lat": 12.84022,
      "lng": 80.2275
    },
    {
      "lat": 12.84166,
      "lng": 80.22713
    },
    {
      "lat": 12.84271,
      "lng": 80.22688
    },
    {
      "lat": 12.84328,
      "lng": 80.22677
    },
    {
      "lat": 12.84413,
      "lng": 80.22666
    },
    {
      "lat": 12.8445,
      "lng": 80.22661
    },
    {
      "lat": 12.84517,
      "lng": 80.22656
    },
    {
      "lat": 12.84591,
      "lng": 80.22654
    }
  ]
}